region;poblacion
RM;7 400 741
Valparaíso;1 896 053
BioBio;1 613 059
Maule;1 123 008
Araucanía;1 010 423
O'Higgins;987 228
Los Lagos;890 284
Coquimbo;832 864
Antofagasta;635 416
Ñuble;512 289
Los Ríos;398 230
Tarapacá;369 806
Atacama;299 180
Arica y Parinacota;244 569
Magallanes y la Antártica Chilena;166 537
Aysén;100 745
Chile;18 480 432
